id,individuals,order,family,functional_group,type,month,stream,site,year
1,14,Ephemeroptera,Heptageniidae,collector,rural,April,PC,PCU,2014
2,1,Diptera,Tipulidae,shredder,rural,April,PC,PCU,2014
3,2,Trichoptera,Hydropsychidae,collector,rural,April,PC,PCU,2014
4,1,Trichoptera,Uenoidae,scraper,rural,April,PC,PCU,2014
5,9,Plecoptera,Perlodidae,predator,rural,April,PC,PCU,2014
6,3,Plecoptera,Chloroperlidae,predator,rural,April,PC,PCU,2014
7,1,Diptera,Chironomidae,collector,rural,April,PC,PCU,2014
8,1,Ephemeroptera,Heptageniidae,collector,rural,April,PC,PCU,2014
9,1,Plecoptera,Taeniopterygidae,scraper,rural,April,PC,PCU,2014
10,1,Trichoptera,Philopotamidae,collector,rural,April,PC,PCU,2014
11,3,Diptera,Ceratopogonidae,predator,rural,April,PC,PCU,2014
12,3,Ephemeroptera,Baetidae,collector,rural,April,PC,PCU,2014
13,2,Diptera,Tipulidae,shredder,urban,April,PC,PCD,2014
14,3,Trichoptera,Hydropsychidae,collector,urban,April,PC,PCD,2014
15,1,Plecoptera,Taeniopterygidae,scraper,urban,April,PC,PCD,2014
16,4,Plecoptera,Taeniopterygidae,scraper,urban,April,PC,PCD,2014
17,1,Ephemeroptera,Heptageniidae,scraper,urban,April,PC,PCD,2014
18,1,Ephemeroptera,Heptageniidae,scraper,urban,April,PC,PCD,2014
19,1,Ephemeroptera,Baetidae,collector,urban,April,PC,PCD,2014
20,1,Trichoptera,Uenoidae,scraper,urban,April,PC,PCD,2014
21,1,Plecoptera,Perlodidae,predator,rural,April,PC,PCU,2014
22,3,Ephemeroptera,Ephemerellidae,collector,reference,April,TB,TBD,2014
23,1,Plecoptera,Taeniopterygidae,scraper,reference,April,TB,TBD,2014
24,13,Plecoptera,Taeniopterygidae,scraper,reference,April,TB,TBD,2014
25,2,Ephemeroptera,Heptageniidae,collector,reference,April,TB,TBD,2014
26,1,Trichoptera,Uenoidae,scraper,reference,April,TB,TBD,2014
27,1,Trichoptera,Uenoidae,scraper,reference,April,TB,TBU,2014
28,4,Ephemeroptera,Heptageniidae,collector,reference,April,TB,TBU,2014
29,14,Ephemeroptera,Ephemerellidae,collector,reference,April,TB,TBU,2014
30,1,Ephemeroptera,Leptophlebiidae,collector,reference,April,TB,TBU,2014
31,3,Diptera,Tipulidae,shredder,reference,April,TB,TBU,2014
32,1,Plecoptera,Perlidae,predator,reference,April,TB,TBU,2014
33,4,Trichoptera,Hydropsychidae,collector,reference,April,TB,TBU,2014
34,1,Ephemeroptera,Baetidae,collector,reference,April,TB,TBU,2014
35,3,Ephemeroptera,Ephemerellidae,collector,reference,April,TB,TBU,2014
36,1,Plecoptera,Perlodidae,predator,reference,April,TB,TBU,2014
37,1,Diptera,Simuliidae,collector,reference,April,TB,TBU,2014
38,2,Plecoptera,Perlidae,predator,reference,April,TB,TBU,2014
39,1,Plecoptera,Chloroperlidae,predator,reference,April,TB,TBU,2014
40,1,Coleoptera,Psephenidae,scraper,reference,April,LS,LSD,2014
41,1,Diptera,Tipulidae,predator,reference,April,LS,LSD,2014
42,1,Trichoptera,Hydropsychidae,collector,reference,April,LS,LSD,2014
43,2,Plecoptera,Chloroperlidae,predator,reference,April,LS,LSD,2014
44,1,Plecoptera,Perlidae,predator,reference,April,LS,LSD,2014
45,3,Ephemeroptera,Ephemerellidae,collector,reference,April,LS,LSD,2014
46,23,Plecoptera,Taeniopterygidae,scraper,reference,April,LS,LSD,2014
47,9,Trichoptera,Hydropsychidae,collector,reference,April,LS,LSD,2014
48,2,Ephemeroptera,Isonychiidae,collector,reference,April,LS,LSD,2014
49,1,Ephemeroptera,Heptageniidae,collector,reference,April,LS,LSD,2014
50,1,Plecoptera,Chloroperlidae,predator,reference,April,LS,LSD,2014
51,1,Ephemeroptera,Heptageniidae,collector,reference,April,LS,LSD,2014
52,8,Plecoptera,Taeniopterygidae,scraper,reference,April,LS,LSU,2014
53,2,Plecoptera,Perlodidae,predator,reference,April,LS,LSU,2014
54,1,Plecoptera,Perlodidae,predator,reference,April,LS,LSU,2014
55,2,Ephemeroptera,Ephemerellidae,collector,reference,April,LS,LSU,2014
56,1,Trichoptera,Hydropsychidae,collector,reference,April,LS,LSU,2014
57,1,Ephemeroptera,Baetidae,collector,reference,April,LS,LSU,2014
58,1,Trichoptera,Philopotamidae,collector,reference,April,LS,LSU,2014
59,2,Ephemeroptera,Isonychiidae,collector,reference,April,LS,LSU,2014
60,1,Ephemeroptera,Heptageniidae,collector,reference,April,LS,LSU,2014
61,2,Plecoptera,Taeniopterygidae,scraper,reference,April,LS,LSU,2014
62,3,Plecoptera,Perlodidae,predator,rural,April,LC,LCU,2014
63,5,Diptera,Chironomidae,collector,rural,April,LC,LCU,2014
64,2,Diptera,Tipulidae,predator,rural,April,LC,LCU,2014
65,1,Trichoptera,Hydropsychidae,collector,rural,April,LC,LCU,2014
66,2,Plecoptera,Chloroperlidae,predator,rural,April,LC,LCU,2014
67,1,Diptera,Chironomidae,collector,rural,April,LC,LCU,2014
68,1,Coleoptera,Elmidae,scraper,rural,April,LC,LCU,2014
69,1,Trichoptera,Hydropsychidae,collector,urban,April,PT,PTD,2014
70,17,Plecoptera,Chloroperlidae,predator,rural,April,PT,PTU,2014
71,1,Plecoptera,Chloroperlidae,predator,rural,April,PT,PTU,2014
72,6,Plecoptera,Perlodidae,predator,rural,April,PT,PTU,2014
73,2,Trichoptera,Philopotamidae,collector,rural,April,PT,PTU,2014
74,7,Diptera,Simuliidae,collector,rural,April,PT,PTU,2014
75,9,Diptera,Simuliidae,collector,rural,April,PT,PTU,2014
76,6,Ephemeroptera,Ephemerellidae,collector,rural,April,PT,PTU,2014
77,2,Ephemeroptera,Ephemerellidae,collector,rural,April,PT,PTU,2014
78,2,Diptera,Chironomidae,collector,rural,April,PT,PTU,2014
79,1,Diptera,Chironomidae,collector,rural,April,PT,PTU,2014
80,1,Plecoptera,Perlidae,predator,rural,April,PT,PTU,2014
81,2,Diptera,Tipulidae,shredder,rural,April,PT,PTU,2014
82,3,Ephemeroptera,Heptageniidae,collector,rural,April,PT,PTU,2014
83,11,Ephemeroptera,Heptageniidae,collector,rural,April,PT,PTU,2014
84,8,Trichoptera,Hydropsychidae,collector,rural,April,PT,PTU,2014
85,2,Trichoptera,Uenoidae,scraper,rural,April,PT,PTU,2014
86,4,Plecoptera,Taeniopterygidae,scraper,rural,April,PT,PTU,2014
87,2,Plecoptera,Taeniopterygidae,scraper,rural,April,PT,PTU,2014
88,2,Diptera,Ceratopogonidae,predator,rural,April,PT,PTU,2014
89,1,Ephemeroptera,Baetidae,collector,rural,April,PT,PTU,2014
90,7,Plecoptera,Chloroperlidae,predator,rural,April,FH,FHU,2014
91,2,Plecoptera,Taeniopterygidae,scraper,rural,April,FH,FHU,2014
92,2,Plecoptera,Perlodidae,predator,rural,April,FH,FHU,2014
93,1,Ephemeroptera,Baetidae,collector,rural,April,FH,FHU,2014
94,1,Diptera,Simuliidae,collector,rural,April,FH,FHU,2014
95,2,Plecoptera,Chloroperlidae,predator,urban,April,FH,FHD,2014
96,4,Diptera,Tipulidae,shredder,rural,April,BC,CCU,2014
97,1,Diptera,Tipulidae,shredder,rural,April,BC,CCU,2014
98,62,Plecoptera,Taeniopterygidae,scraper,rural,April,BC,CCU,2014
99,3,Plecoptera,Perlodidae,predator,rural,April,BC,CCU,2014
100,16,Ephemeroptera,Heptageniidae,collector,rural,April,BC,CCU,2014
101,2,Diptera,Simuliidae,collector,rural,April,BC,CCU,2014
102,1,Ephemeroptera,Heptageniidae,collector,rural,April,BC,CCU,2014
103,2,Ephemeroptera,Ephemerellidae,collector,rural,April,BC,CCU,2014
104,3,Plecoptera,Chloroperlidae,predator,rural,April,BC,CCU,2014
105,1,Plecoptera,Perlodidae,predator,rural,April,BC,CCU,2014
106,1,Diptera,Chironomidae,collector,rural,April,BC,CCU,2014
107,2,Ephemeroptera,Ephemerellidae,collector,rural,April,BC,CCU,2014
108,18,Trichoptera,Hydropsychidae,collector,urban,April,BC,CCD,2014
109,45,Trichoptera,Hydropsychidae,collector,urban,April,BC,CCD,2014
110,4,Ephemeroptera,Heptageniidae,collector,urban,April,BC,CCD,2014
111,4,Ephemeroptera,Ephemerellidae,collector,urban,April,BC,CCD,2014
112,1,Ephemeroptera,Ephemeridae,collector,urban,April,BC,CCD,2014
113,12,Plecoptera,Taeniopterygidae,scraper,urban,April,BC,CCD,2014
114,1,Ephemeroptera,Heptageniidae,collector,urban,April,BC,CCD,2014
115,1,Coleoptera,Elmidae,scraper,urban,April,BC,CCD,2014
116,1,Diptera,Tipulidae,predator,urban,April,BC,CCD,2014
117,1,Trichoptera,Philopotamidae,collector,urban,April,BC,CCD,2014
118,1,Diptera,Simuliidae,collector,urban,April,BC,CCD,2014
119,1,Plecoptera,Perlodidae,predator,urban,April,BC,CCD,2014
120,1,Trichoptera,Hydropsychidae,collector,rural,May,FH,FHU,2014
121,1,Ephemeroptera,Baetidae,collector,urban,May,FH,FHD,2014
122,3,Diptera,Chironomidae,collector,urban,May,FH,FHD,2014
123,1,Trichoptera,Hydropsychidae,collector,reference,May,TB,TBD,2014
124,1,Ephemeroptera,Baetidae,collector,reference,May,TB,TBD,2014
125,2,Ephemeroptera,Leptophlebiidae,collector,reference,May,TB,TBD,2014
126,5,Trichoptera,Hydropsychidae,collector,reference,May,TB,TBU,2014
127,1,Ephemeroptera,Isonychiidae,collector,reference,May,TB,TBU,2014
128,2,Trichoptera,Hydropsychidae,collector,urban,May,PC,PCD,2014
129,1,Ephemeroptera,Heptageniidae,collector,urban,May,PC,PCD,2014
130,1,Odonata,Aeshnidae,predator,rural,May,PC,PCU,2014
131,6,Ephemeroptera,Baetidae,collector,rural,May,PC,PCU,2014
132,1,Ephemeroptera,Baetidae,collector,rural,May,PC,PCU,2014
133,1,Ephemeroptera,Baetidae,collector,rural,May,PC,PCU,2014
134,1,Ephemeroptera,Heptageniidae,collector,rural,May,PC,PCU,2014
135,1,Ephemeroptera,Leptophlebiidae,collector,rural,May,PC,PCU,2014
136,9,Ephemeroptera,Ephemerellidae,collector,reference,May,LS,LSD,2014
137,1,Ephemeroptera,Ephemerellidae,collector,reference,May,LS,LSD,2014
138,1,Ephemeroptera,Ephemerellidae,collector,reference,May,LS,LSD,2014
139,1,Trichoptera,Hydropsychidae,collector,reference,May,LS,LSD,2014
140,1,Trichoptera,Hydropsychidae,collector,reference,May,LS,LSD,2014
141,1,Trichoptera,Hydropsychidae,collector,reference,May,LS,LSD,2014
142,3,Ephemeroptera,Isonychiidae,collector,reference,May,LS,LSD,2014
143,1,Ephemeroptera,Baetidae,collector,reference,May,LS,LSD,2014
144,2,Ephemeroptera,Leptophlebiidae,collector,reference,May,LS,LSD,2014
145,1,Ephemeroptera,Baetidae,collector,reference,May,LS,LSU,2014
146,2,Ephemeroptera,Leptophlebiidae,collector,reference,May,LS,LSU,2014
147,1,Diptera,Chironomidae,collector,reference,May,LS,LSU,2014
148,1,Trichoptera,Hydropsychidae,collector,reference,May,LS,LSU,2014
149,2,Ephemeroptera,Heptageniidae,scraper,reference,May,LS,LSU,2014
150,9,Plecoptera,Chloroperlidae,predator,urban,May,FH,FHD,2014
151,2,Plecoptera,Chloroperlidae,predator,rural,May,FH,FHU,2014
152,1,Plecoptera,Chloroperlidae,predator,rural,May,FH,FHU,2014
153,1,Diptera,Chironomidae,collector,rural,May,FH,FHU,2014
154,3,Diptera,Tipulidae,predator,reference,May,TB,TBD,2014
155,1,Diptera,Tipulidae,predator,reference,May,TB,TBD,2014
156,3,Ephemeroptera,Ephemerellidae,collector,reference,May,TB,TBD,2014
157,3,Ephemeroptera,Ephemerellidae,collector,reference,May,TB,TBD,2014
158,3,Ephemeroptera,Heptageniidae,collector,reference,May,TB,TBD,2014
159,6,Plecoptera,Chloroperlidae,predator,reference,May,TB,TBD,2014
160,1,Diptera,Chironomidae,collector,reference,May,TB,TBD,2014
161,1,Coleoptera,Elmidae,scraper,reference,May,TB,TBD,2014
162,1,Odonata,Aeshnidae,predator,reference,May,TB,TBU,2014
163,1,Trichoptera,Uenoidae,scraper,reference,May,TB,TBU,2014
164,1,Trichoptera,Uenoidae,scraper,reference,May,TB,TBU,2014
165,2,Trichoptera,Uenoidae,scraper,reference,May,TB,TBU,2014
166,4,Plecoptera,Perlidae,predator,reference,May,TB,TBU,2014
167,1,Plecoptera,Perlidae,predator,reference,May,TB,TBU,2014
168,1,Plecoptera,Perlidae,predator,reference,May,TB,TBU,2014
169,1,Diptera,Tipulidae,shredder,reference,May,TB,TBU,2014
170,3,Diptera,Tipulidae,shredder,reference,May,TB,TBU,2014
171,6,Ephemeroptera,Heptageniidae,collector,reference,May,TB,TBU,2014
172,1,Ephemeroptera,Heptageniidae,collector,reference,May,TB,TBU,2014
173,1,Ephemeroptera,Heptageniidae,collector,reference,May,TB,TBU,2014
174,8,Ephemeroptera,Ephemerellidae,collector,reference,May,TB,TBU,2014
175,1,Ephemeroptera,Ephemerellidae,collector,reference,May,TB,TBU,2014
176,1,Ephemeroptera,Ephemerellidae,collector,reference,May,TB,TBU,2014
177,1,Ephemeroptera,Leptophlebiidae,collector,reference,May,TB,TBU,2014
178,3,Diptera,Chironomidae,collector,reference,May,TB,TBU,2014
179,1,Diptera,Chironomidae,collector,reference,May,TB,TBU,2014
180,5,Plecoptera,Chloroperlidae,predator,reference,May,TB,TBU,2014
181,1,Plecoptera,Chloroperlidae,predator,reference,May,TB,TBU,2014
182,2,Plecoptera,Chloroperlidae,predator,urban,May,PC,PCD,2014
183,2,Diptera,Chironomidae,collector,urban,May,PC,PCD,2014
184,1,Trichoptera,Philopotamidae,collector,urban,May,PC,PCD,2014
185,1,Diptera,Tipulidae,predator,rural,May,PC,PCU,2014
186,24,Diptera,Chironomidae,collector,rural,May,PC,PCU,2014
187,1,Diptera,Chironomidae,collector,rural,May,PC,PCU,2014
188,1,Diptera,Chironomidae,collector,rural,May,PC,PCU,2014
189,1,Diptera,Chironomidae,collector,rural,May,PC,PCU,2014
190,1,Diptera,Chironomidae,collector,rural,May,PC,PCU,2014
191,15,Plecoptera,Chloroperlidae,predator,rural,May,PC,PCU,2014
192,1,Plecoptera,Chloroperlidae,predator,rural,May,PC,PCU,2014
193,1,Plecoptera,Chloroperlidae,predator,rural,May,PC,PCU,2014
194,1,Plecoptera,Chloroperlidae,predator,rural,May,PC,PCU,2014
195,1,Plecoptera,Chloroperlidae,predator,rural,May,PC,PCU,2014
196,1,Trichoptera,Philopotamidae,collector,reference,May,LS,LSD,2014
197,1,Trichoptera,Philopotamidae,collector,reference,May,LS,LSD,2014
198,1,Diptera,Tipulidae,predator,reference,May,LS,LSD,2014
199,1,Diptera,Tipulidae,predator,reference,May,LS,LSD,2014
200,3,Ephemeroptera,Heptageniidae,collector,reference,May,LS,LSD,2014
201,1,Trichoptera,Hydropsychidae,collector,reference,May,LS,LSD,2014
202,1,Plecoptera,Perlidae,predator,reference,May,LS,LSD,2014
203,1,Trichoptera,Uenoidae,scraper,reference,May,LS,LSD,2014
204,1,Plecoptera,Chloroperlidae,predator,reference,May,LS,LSD,2014
205,7,Plecoptera,Chloroperlidae,predator,reference,May,LS,LSD,2014
206,1,Plecoptera,Chloroperlidae,predator,reference,May,LS,LSD,2014
207,1,Diptera,Tipulidae,predator,reference,May,LS,LSU,2014
208,1,Diptera,Tipulidae,predator,reference,May,LS,LSU,2014
209,1,Ephemeroptera,Ephemerellidae,scraper,reference,May,LS,LSU,2014
210,6,Ephemeroptera,Ephemerellidae,scraper,reference,May,LS,LSU,2014
211,1,Ephemeroptera,Ephemerellidae,scraper,reference,May,LS,LSU,2014
212,1,Perlodidae,Perlodidae,predator,reference,May,LS,LSU,2014
213,10,Plecoptera,Chloroperlidae,predator,reference,May,LS,LSU,2014
214,1,Plecoptera,Chloroperlidae,predator,reference,May,LS,LSU,2014
215,1,Plecoptera,Chloroperlidae,predator,reference,May,LS,LSU,2014
216,1,Trichoptera,Hydropsychidae,collector,urban,May,BC,CCD,2014
217,1,Ephemeroptera,Baetidae,collector,rural,May,LC,LCU,2014
218,9,Ephemeroptera,Heptageniidae,collector,rural,May,PT,PTU,2014
219,1,Ephemeroptera,Heptageniidae,collector,rural,May,PT,PTU,2014
220,1,Ephemeroptera,Heptageniidae,collector,rural,May,PT,PTU,2014
221,1,Diptera,Simuliidae,collector,rural,May,PT,PTU,2014
222,1,Ephemeroptera,Leptophlebiidae,collector,rural,May,PT,PTU,2014
223,1,Trichoptera,Hydropsychidae,collector,rural,May,PT,PTU,2014
224,1,Trichoptera,Hydropsychidae,collector,rural,May,PT,PTU,2014
225,2,Coleoptera,Elmidae,scraper,rural,May,BC,CCU,2014
226,2,Ephemeroptera,Leptophlebiidae,collector,rural,May,BC,CCU,2014
227,9,Ephemeroptera,Isonychiidae,collector,rural,May,BC,CCU,2014
228,1,Ephemeroptera,Isonychiidae,collector,rural,May,BC,CCU,2014
229,1,Ephemeroptera,Isonychiidae,collector,rural,May,BC,CCU,2014
230,1,Ephemeroptera,Isonychiidae,collector,rural,May,BC,CCU,2014
231,9,Trichoptera,Hydropsychidae,collector,rural,May,BC,CCU,2014
232,1,Trichoptera,Hydropsychidae,collector,rural,May,BC,CCU,2014
233,1,Trichoptera,Hydropsychidae,collector,rural,May,BC,CCU,2014
234,1,Ephemeroptera,Baetidae,collector,rural,May,BC,CCU,2014
235,1,Diptera,Chironomidae,collector,rural,May,BC,CCU,2014
236,1,Ephemeroptera,Ephemerellidae,scraper,urban,May,BC,CCD,2014
237,1,Trichoptera,Hydropsychidae,collector,urban,May,BC,CCD,2014
238,1,Coleoptera,Elmidae,scraper,urban,May,LC,LCD,2014
239,1,Coleoptera,Elmidae,scraper,urban,May,LC,LCD,2014
240,1,Coleoptera,Elmidae,scraper,urban,May,LC,LCD,2014
241,1,Diptera,Tipulidae,shredder,urban,May,PT,PTD,2014
242,1,Diptera,Chironomidae,collector,urban,May,PT,PTD,2014
243,1,Diptera,Tipulidae,shredder,rural,May,LC,LCU,2014
244,1,Megaloptera,Sialidae,predator,rural,May,LC,LCU,2014
245,1,Diptera,Chironomidae,collector,rural,May,LC,LCU,2014
246,1,Diptera,Chironomidae,collector,rural,May,LC,LCU,2014
247,5,Plecoptera,Chloroperlidae,predator,rural,May,LC,LCU,2014
248,1,Plecoptera,Chloroperlidae,predator,rural,May,LC,LCU,2014
249,1,Plecoptera,Chloroperlidae,predator,rural,May,LC,LCU,2014
250,3,Diptera,Tipulidae,predator,rural,May,PT,PTU,2014
251,1,Diptera,Tipulidae,predator,rural,May,PT,PTU,2014
252,1,Diptera,Tipulidae,predator,rural,May,PT,PTU,2014
253,2,Plecoptera,Perlidae,predator,rural,May,PT,PTU,2014
254,1,Plecoptera,Perlidae,predator,rural,May,PT,PTU,2014
255,1,Plecoptera,Perlidae,predator,rural,May,PT,PTU,2014
256,9,Ephemeroptera,Ephemerellidae,collector,rural,May,PT,PTU,2014
257,1,Ephemeroptera,Ephemerellidae,collector,rural,May,PT,PTU,2014
258,1,Ephemeroptera,Ephemerellidae,collector,rural,May,PT,PTU,2014
259,1,Ephemeroptera,Ephemerellidae,collector,rural,May,PT,PTU,2014
260,1,Ephemeroptera,Ephemerellidae,collector,rural,May,PT,PTU,2014
261,2,Trichoptera,Uenoidae,scraper,rural,May,PT,PTU,2014
262,1,Trichoptera,Uenoidae,scraper,rural,May,PT,PTU,2014
263,1,Trichoptera,Uenoidae,scraper,rural,May,PT,PTU,2014
264,7,Plecoptera,Perlodidae,predator,rural,May,PT,PTU,2014
265,1,Plecoptera,Perlodidae,predator,rural,May,PT,PTU,2014
266,1,Plecoptera,Perlodidae,predator,rural,May,PT,PTU,2014
267,23,Plecoptera,Chloroperlidae,predator,rural,May,PT,PTU,2014
268,1,Plecoptera,Chloroperlidae,predator,rural,May,PT,PTU,2014
269,1,Plecoptera,Chloroperlidae,predator,rural,May,PT,PTU,2014
270,1,Plecoptera,Chloroperlidae,predator,rural,May,PT,PTU,2014
271,3,Trichoptera,Hydropsychidae,collector,rural,May,PT,PTU,2014
272,1,Diptera,Chironomidae,collector,rural,May,PT,PTU,2014
273,1,Diptera,Chironomidae,collector,rural,May,PT,PTU,2014
274,1,Diptera,Chironomidae,collector,rural,May,PT,PTU,2014
275,1,Odonata,Aeshnidae,predator,rural,May,BC,CCU,2014
276,2,Odonata,Gomphidae,predator,rural,May,BC,CCU,2014
277,1,Odonata,Gomphidae,predator,rural,May,BC,CCU,2014
278,1,Odonata,Gomphidae,predator,rural,May,BC,CCU,2014
279,1,Diptera,Tipulidae,predator,rural,May,BC,CCU,2014
280,1,Diptera,Tipulidae,predator,rural,May,BC,CCU,2014
281,3,Coleoptera,Elmidae,scraper,rural,May,BC,CCU,2014
282,1,Coleoptera,Elmidae,scraper,rural,May,BC,CCU,2014
283,31,Ephemeroptera,Ephemerellidae,scraper,rural,May,BC,CCU,2014
284,1,Ephemeroptera,Ephemerellidae,scraper,rural,May,BC,CCU,2014
285,1,Ephemeroptera,Ephemerellidae,scraper,rural,May,BC,CCU,2014
286,1,Ephemeroptera,Ephemerellidae,scraper,rural,May,BC,CCU,2014
287,1,Ephemeroptera,Ephemerellidae,scraper,rural,May,BC,CCU,2014
288,1,Ephemeroptera,Ephemerellidae,scraper,rural,May,BC,CCU,2014
289,1,Ephemeroptera,Ephemerellidae,scraper,rural,May,BC,CCU,2014
290,15,Trichoptera,Uenoidae,scraper,rural,May,BC,CCU,2014
291,1,Trichoptera,Uenoidae,scraper,rural,May,BC,CCU,2014
292,1,Trichoptera,Uenoidae,scraper,rural,May,BC,CCU,2014
293,1,Trichoptera,Uenoidae,scraper,rural,May,BC,CCU,2014
294,1,Trichoptera,Uenoidae,scraper,rural,May,BC,CCU,2014
295,1,Coleoptera,Elmidae,scraper,rural,May,BC,CCU,2014
296,5,Ephemeroptera,Heptageniidae,collector,rural,May,BC,CCU,2014
297,1,Ephemeroptera,Heptageniidae,collector,rural,May,BC,CCU,2014
298,8,Trichoptera,Philopotamidae,collector,rural,May,BC,CCU,2014
299,1,Trichoptera,Philopotamidae,collector,rural,May,BC,CCU,2014
300,1,Trichoptera,Philopotamidae,collector,rural,May,BC,CCU,2014
301,1,Trichoptera,Philopotamidae,collector,rural,May,BC,CCU,2014
302,4,Plecoptera,Chloroperlidae,predator,rural,May,BC,CCU,2014
303,1,Plecoptera,Chloroperlidae,predator,rural,May,BC,CCU,2014
304,1,Plecoptera,Chloroperlidae,predator,rural,May,BC,CCU,2014
305,4,Trichoptera,Hydropsychidae,collector,rural,June,PT,PTU,2014
306,2,Trichoptera,Philopotamidae,collector,rural,June,PT,PTU,2014
307,1,Plecoptera,Chloroperlidae,predator,rural,June,PT,PTU,2014
308,3,Plecoptera,Perlodidae,predator,rural,June,PT,PTU,2014
309,1,Odonata,Gomphidae,predator,rural,June,BC,CCU,2014
310,12,Trichoptera,Hydropsychidae,collector,rural,June,BC,CCU,2014
311,1,Trichoptera,Hydropsychidae,collector,rural,June,BC,CCU,2014
312,1,Trichoptera,Hydropsychidae,collector,rural,June,BC,CCU,2014
313,1,Plecoptera,Perlodidae,predator,rural,June,BC,CCU,2014
314,1,Ephemeroptera,Isonychiidae,collector,rural,June,BC,CCU,2014
315,1,Odonata,Aeshnidae,predator,urban,June,BC,CCD,2014
316,3,Ephemeroptera,Isonychiidae,collector,urban,June,BC,CCD,2014
317,1,Ephemeroptera,Isonychiidae,collector,urban,June,BC,CCD,2014
318,4,Trichoptera,Hydropsychidae,collector,urban,June,BC,CCD,2014
319,3,Ephemeroptera,Ephemerellidae,collector,urban,June,BC,CCD,2014
320,3,Trichoptera,Philopotamidae,collector,urban,June,BC,CCD,2014
321,35,Ephemeroptera,Heptageniidae,collector,urban,June,BC,CCD,2014
322,1,Ephemeroptera,Heptageniidae,collector,urban,June,BC,CCD,2014
323,1,Ephemeroptera,Heptageniidae,collector,urban,June,BC,CCD,2014
324,1,Ephemeroptera,Heptageniidae,collector,urban,June,BC,CCD,2014
325,3,Diptera,Simuliidae,collector,urban,June,FH,FHD,2014
326,1,Diptera,Simuliidae,collector,urban,June,FH,FHD,2014
327,3,Diptera,Chironomidae,collector,urban,June,FH,FHD,2014
328,1,Diptera,Chironomidae,collector,urban,June,FH,FHD,2014
329,3,Trichoptera,Hydropsychidae,collector,rural,June,FH,FHU,2014
330,2,Ephemeroptera,Heptageniidae,collector,rural,June,FH,FHU,2014
331,1,Trichoptera,Philopotamidae,collector,rural,June,FH,FHU,2014
332,2,Ephemeroptera,Baetidae,collector,rural,June,FH,FHU,2014
333,1,Trichoptera,Hydropsychidae,collector,urban,June,PC,PCD,2014
334,1,Ephemeroptera,Baetidae,collector,urban,June,PC,PCD,2014
335,12,Trichoptera,Hydropsychidae,collector,reference,June,LS,LSD,2014
336,1,Trichoptera,Hydropsychidae,collector,reference,June,LS,LSD,2014
337,1,Trichoptera,Hydropsychidae,collector,reference,June,LS,LSD,2014
338,1,Trichoptera,Uenoidae,scraper,reference,June,LS,LSD,2014
339,2,Ephemeroptera,Isonychiidae,collector,reference,June,LS,LSD,2014
340,1,Trichoptera,Uenoidae,scraper,reference,June,LS,LSD,2014
341,11,Ephemeroptera,Heptageniidae,collector,reference,June,LS,LSD,2014
342,1,Ephemeroptera,Heptageniidae,collector,reference,June,LS,LSD,2014
343,1,Ephemeroptera,Heptageniidae,collector,reference,June,LS,LSD,2014
344,5,Ephemeroptera,Baetidae,collector,reference,June,LS,LSD,2014
345,3,Trichoptera,Philopotamidae,collector,reference,June,LS,LSD,2014
346,2,Ephemeroptera,Ephemerellidae,collector,reference,June,LS,LSD,2014
347,3,Diptera,Chironomidae,collector,reference,June,LS,LSD,2014
348,2,Plecoptera,Perlidae,predator,reference,June,LS,LSU,2014
349,2,Diptera,Chironomidae,collector,reference,June,LS,LSU,2014
350,3,Trichoptera,Hydropsychidae,collector,reference,June,TB,TBD,2014
351,1,Plecoptera,Pteronarcidae,shredder,reference,June,TB,TBU,2014
352,6,Trichoptera,Hydropsychidae,collector,reference,June,TB,TBU,2014
353,1,Trichoptera,Hydropsychidae,collector,reference,June,TB,TBU,2014
354,1,Megaloptera,Sialidae,predator,rural,June,LC,LCU,2014
355,4,Diptera,Tipulidae,predator,rural,June,PT,PTU,2014
356,1,Diptera,Tipulidae,predator,rural,June,PT,PTU,2014
357,16,Ephemeroptera,Leptophlebiidae,collector,rural,June,PT,PTU,2014
358,1,Ephemeroptera,Leptophlebiidae,collector,rural,June,PT,PTU,2014
359,1,Ephemeroptera,Leptophlebiidae,collector,rural,June,PT,PTU,2014
360,2,Ephemeroptera,Ephemerellidae,collector,rural,June,PT,PTU,2014
361,6,Ephemeroptera,Heptageniidae,collector,rural,June,PT,PTU,2014
362,1,Ephemeroptera,Heptageniidae,collector,rural,June,PT,PTU,2014
363,1,Coleoptera,Dytiscidae,predator,rural,June,PT,PTU,2014
364,8,Plecoptera,Chloroperlidae,predator,rural,June,PT,PTU,2014
365,1,Plecoptera,Perlodidae,predator,rural,June,PT,PTU,2014
366,12,Diptera,Chironomidae,collector,urban,June,PT,PTD,2014
367,1,Diptera,Chironomidae,collector,urban,June,PT,PTD,2014
368,1,Diptera,Chironomidae,collector,urban,June,PT,PTD,2014
369,1,Diptera,Tipulidae,shredder,rural,June,BC,CCU,2014
370,1,Megaloptera,Corydalidae,predator,rural,June,BC,CCU,2014
371,5,Trichoptera,Philopotamidae,collector,rural,June,BC,CCU,2014
372,1,Trichoptera,Philopotamidae,collector,rural,June,BC,CCU,2014
373,1,Trichoptera,Philopotamidae,collector,rural,June,BC,CCU,2014
374,1,Plecoptera,Perlidae,predator,rural,June,BC,CCU,2014
375,4,Ephemeroptera,Heptageniidae,collector,rural,June,BC,CCU,2014
376,7,Ephemeroptera,Ephemerellidae,scraper,rural,June,BC,CCU,2014
377,1,Ephemeroptera,Ephemerellidae,scraper,rural,June,BC,CCU,2014
378,3,Ephemeroptera,Ephemeridae,collector,urban,June,BC,CCD,2014
379,1,Coleoptera,Psephenidae,scraper,urban,June,BC,CCD,2014
380,1,Coleoptera,Psephenidae,scraper,urban,June,BC,CCD,2014
381,2,Diptera,Chironomidae,collector,urban,June,BC,CCD,2014
382,1,Trichoptera,Philopotamidae,collector,urban,June,FH,FHD,2014
383,5,Diptera,Tipulidae,shredder,rural,June,FH,FHU,2014
384,1,Plecoptera,Chloroperlidae,predator,rural,June,FH,FHU,2014
385,1,Plecoptera,Chloroperlidae,predator,rural,June,FH,FHU,2014
386,4,Plecoptera,Chloroperlidae,NA,rural,June,FH,PCD,2014
387,1,Diptera,Tipulidae,predator,urban,June,PC,PCD,2014
388,3,Diptera,Chironomidae,collector,urban,June,PC,PCD,2014
389,1,Diptera,Chironomidae,collector,urban,June,PC,PCD,2014
390,1,Ephemeroptera,Heptageniidae,collector,urban,June,PC,PCU,2014
391,3,Diptera,Tipulidae,predator,rural,June,PC,PCU,2014
392,1,Diptera,Tipulidae,predator,rural,June,PC,PCU,2014
393,1,Ephemeroptera,Heptageniidae,collector,rural,June,PC,PCU,2014
394,9,Ephemeroptera,Heptageniidae,collector,rural,June,PC,PCU,2014
395,1,Trichoptera,Philopotamidae,collector,rural,June,PC,PCU,2014
396,1,Ephemeroptera,Leptophlebiidae,collector,rural,June,PC,PCU,2014
397,2,Ephemeroptera,Leptophlebiidae,collector,rural,June,PC,PCU,2014
398,5,Ephemeroptera,Leptophlebiidae,collector,rural,June,PC,PCU,2014
399,1,Plecoptera,Chloroperlidae,NA,rural,June,PC,LSD,2014
400,5,Diptera,Tipulidae,predator,reference,June,LS,LSD,2014
401,1,Diptera,Tipulidae,predator,reference,June,LS,LSD,2014
402,1,Plecoptera,Perlidae,predator,reference,June,LS,LSD,2014
403,1,Plecoptera,Perlidae,predator,reference,June,LS,LSU,2014
404,6,Trichoptera,Philopotamidae,collector,reference,June,LS,LSU,2014
405,5,Trichoptera,Philopotamidae,collector,reference,June,LS,LSU,2014
406,3,Ephemeroptera,Heptageniidae,collector,reference,June,LS,LSU,2014
407,6,Trichoptera,Hydropsychidae,collector,reference,June,LS,LSU,2014
408,6,Ephemeroptera,Leptophlebiidae,collector,reference,June,LS,LSU,2014
409,1,Diptera,Chironomidae,,reference,June,LS,TBD,2014
410,1,Diptera,Tipulidae,predator,reference,June,TB,TBD,2014
411,2,Diptera,Tipulidae,predator,reference,June,TB,TBD,2014
412,1,Diptera,Tipulidae,predator,reference,June,TB,TBD,2014
413,2,Ephemeroptera,Isonychiidae,collector,reference,June,TB,TBD,2014
414,5,Ephemeroptera,Isonychiidae,collector,reference,June,TB,TBD,2014
415,5,Ephemeroptera,Leptophlebiidae,collector,reference,June,TB,TBD,2014
416,1,Ephemeroptera,Heptageniidae,collector,reference,June,TB,TBD,2014
417,1,Plecoptera,Chloroperlidae,predator,reference,June,TB,TBD,2014
418,1,Megaloptera,Corydalidae,predator,reference,June,TB,TBU,2014
419,3,Diptera,Tipulidae,predator,reference,June,TB,TBU,2014
420,1,Plecoptera,Perlidae,predator,reference,June,TB,TBU,2014
421,2,Plecoptera,Perlidae,predator,reference,June,TB,TBU,2014
422,2,Ephemeroptera,Heptageniidae,collector,reference,June,TB,TBU,2014
423,1,Megaloptera,Corydalidae,predator,rural,June,BC,CCU,2014
424,1,Diptera,Tipulidae,shredder,rural,June,BC,CCU,2014
425,1,Diptera,Tipulidae,predator,urban,August,PC,PCD,2014
426,1,Trichoptera,Hydropsychidae,collector,urban,August,PC,PCD,2014
427,1,Megaloptera,Sialidae,predator,urban,August,PC,PCD,2014
428,1,Coleoptera,Haliplidae,shredder,urban,August,PC,PCD,2014
429,2,Megaloptera,Corydalidae,predator,reference,August,TB,TBD,2014
430,1,Diptera,Tipulidae,predator,reference,August,TB,TBD,2014
431,1,Plecoptera,Perlidae,predator,reference,August,TB,TBD,2014
432,2,Diptera,Tipulidae,predator,reference,August,TB,TBD,2014
433,3,Coleoptera,Psephenidae,scraper,reference,August,TB,TBD,2014
434,1,Coleoptera,Psephenidae,scraper,reference,August,TB,TBD,2014
435,1,Odonata,Aeshnidae,predator,reference,August,TB,TBD,2014
436,4,Hemiptera,Veliidae,predator,reference,August,TB,TBD,2014
437,3,Ephemeroptera,Heptageniidae,scraper,reference,August,TB,TBD,2014
438,3,Ephemeroptera,Isonychiidae,collector,reference,August,TB,TBD,2014
439,1,Coleoptera,Haliplidae,shredder,reference,August,TB,TBD,2014
440,1,Megaloptera,Corydalidae,predator,reference,August,TB,TBU,2014
441,1,Odonata,Aeshnidae,predator,reference,August,TB,TBU,2014
442,3,Diptera,Tipulidae,predator,reference,August,TB,TBU,2014
443,1,Diptera,Tipulidae,predator,reference,August,TB,TBU,2014
444,4,Ephemeroptera,Isonychiidae,collector,reference,August,TB,TBU,2014
445,1,Hemiptera,Veliidae,predator,reference,August,TB,TBU,2014
446,8,Ephemeroptera,Heptageniidae,collector,reference,August,TB,TBU,2014
447,2,Diptera,Tipulidae,predator,reference,August,LS,LSU,2014
448,1,Diptera,Athericidae,predator,reference,August,LS,LSU,2014
449,1,Odonata,Aeshnidae,predator,reference,August,LS,LSU,2014
450,5,Coleoptera,Psephenidae,scraper,reference,August,LS,LSU,2014
451,1,Coleoptera,Psephenidae,scraper,reference,August,LS,LSU,2014
452,3,Diptera,Tipulidae,shredder,rural,August,PC,PCU,2014
453,1,Diptera,Tipulidae,shredder,rural,August,PC,PCU,2014
454,1,Plecoptera,Perlidae,predator,rural,August,PC,PCU,2014
455,5,Diptera,Tipulidae,shredder,rural,August,LC,LCU,2014
456,1,Diptera,Tipulidae,shredder,rural,August,LC,LCU,2014
457,1,Plecoptera,Chloroperlidae,predator,rural,August,LC,LCU,2014
458,5,Diptera,Tipulidae,predator,reference,August,LS,LSD,2014
459,1,Diptera,Tipulidae,predator,reference,August,LS,LSD,2014
460,4,Diptera,Athericidae,predator,reference,August,LS,LSD,2014
461,1,Diptera,Athericidae,predator,reference,August,LS,LSD,2014
462,3,Coleoptera,Psephenidae,scraper,reference,August,LS,LSD,2014
463,1,Coleoptera,Psephenidae,scraper,reference,August,LS,LSD,2014
464,1,Plecoptera,Perlidae,predator,reference,August,LS,LSD,2014
465,6,Ephemeroptera,Isonychiidae,collector,reference,August,LS,LSD,2014
466,5,Ephemeroptera,Heptageniidae,collector,reference,August,LS,LSD,2014
467,15,Trichoptera,Hydropsychidae,collector,reference,August,LS,LSD,2014
468,2,Odonata,Aeshnidae,predator,rural,August,FH,FHU,2014
469,2,Plecoptera,Perlidae,predator,rural,August,PT,PTU,2014
470,2,Diptera,Tipulidae,predator,rural,August,PT,PTU,2014
471,1,Hemiptera,Veliidae,predator,urban,August,BC,CCD,2014
472,6,Ephemeroptera,Isonychiidae,collector,urban,August,BC,CCD,2014
473,1,Ephemeroptera,Isonychiidae,collector,urban,August,BC,CCD,2014
474,9,Trichoptera,Hydropsychidae,collector,urban,August,BC,CCD,2014
475,1,Trichoptera,Hydropsychidae,collector,urban,August,BC,CCD,2014
476,12,Ephemeroptera,Heptageniidae,collector,urban,August,BC,CCD,2014
477,1,Megaloptera,Corydalidae,predator,rural,August,BC,CCU,2014
478,2,Odonata,Aeshnidae,predator,rural,August,BC,CCU,2014
479,19,Diptera,Athericidae,predator,rural,August,BC,CCU,2014
480,1,Diptera,Athericidae,predator,rural,August,BC,CCU,2014
481,1,Diptera,Tipulidae,predator,rural,August,BC,CCU,2014
482,1,Trichoptera,Philopotamidae,collector,rural,July,FH,FHU,2014
483,1,Odonata,Gomphidae,predator,rural,July,FH,FHU,2014
484,1,Ephemeroptera,Isonychiidae,collector,reference,July,TB,TBU,2014
485,1,Ephemeroptera,Ephemeridae,collector,reference,July,TB,TBU,2014
486,1,Diptera,Tipulidae,shredder,urban,July,FH,FHD,2014
487,1,Ephemeroptera,Baetidae,collector,urban,July,FH,FHD,2014
488,1,Trichoptera,Hydropsychidae,collector,reference,July,TB,TBD,2014
489,1,Plecoptera,Taeniopterygidae,scraper,rural,July,PC,PCU,2014
490,1,Coleoptera,Dytiscidae,predator,rural,July,PT,PTD,2014
491,1,Ephemeroptera,Isonychiidae,collector,reference,July,LS,LSD,2014
492,1,Plecoptera,Perlidae,predator,reference,July,LS,LSD,2014
493,1,Trichoptera,Philopotamidae,collector,reference,July,LS,LSD,2014
494,1,Ephemeroptera,Isonychiidae,collector,reference,July,LS,LSD,2014
495,21,Trichoptera,Hydropsychidae,collector,reference,July,LS,LSD,2014
496,1,Trichoptera,Hydropsychidae,collector,reference,July,LS,LSD,2014
497,1,Trichoptera,Hydropsychidae,collector,reference,July,LS,LSD,2014
498,9,Trichoptera,Hydropsychidae,collector,reference,July,LS,LSU,2014
499,1,Trichoptera,Hydropsychidae,collector,reference,July,LS,LSU,2014
500,1,Trichoptera,Hydropsychidae,collector,reference,July,LS,LSU,2014
501,2,Trichoptera,Philopotamidae,collector,reference,July,LS,LSU,2014
502,15,Ephemeroptera,Isonychiidae,collector,urban,June,BC,CCD,2014
503,1,Ephemeroptera,Isonychiidae,collector,urban,July,BC,CCD,2014
504,1,Ephemeroptera,Ephemerellidae,collector,urban,July,BC,CCD,2014
505,1,Coleoptera,Psephenidae,scraper,urban,July,PC,PCD,2014
506,6,Trichoptera,Hydropsychidae,collector,urban,July,PC,PCD,2014
507,1,Ephemeroptera,Heptageniidae,collector,urban,July,PC,PCD,2014
508,1,Trichoptera,Hydropsychidae,collector,rural,July,BC,CCU,2014
509,1,Hemiptera,Veliidae,predator,rural,July,FH,FHU,2014
510,1,Odonata,Aeshnidae,predator,reference,July,TB,TBU,2014
511,4,Coleoptera,Psephenidae,scraper,reference,July,TB,TBU,2014
512,1,Coleoptera,Psephenidae,scraper,reference,July,TB,TBU,2014
513,1,Coleoptera,Psephenidae,scraper,reference,July,TB,TBU,2014
514,1,Diptera,Tipulidae,predator,reference,July,TB,TBU,2014
515,3,Diptera,Chironomidae,collector,reference,July,TB,TBU,2014
516,2,Trichoptera,Hydropsychidae,collector,reference,July,TB,TBU,2014
517,1,Ephemeroptera,Ephemerellidae,collector,reference,July,TB,TBU,2014
518,2,Ephemeroptera,Leptophlebiidae,collector,reference,July,TB,TBU,2014
519,1,Plecoptera,Perlidae,predator,reference,July,TB,TBU,2014
520,4,Hemiptera,Veliidae,predator,reference,July,TB,TBU,2014
521,5,Diptera,Tipulidae,predator,reference,July,TB,TBD,2014
522,1,Diptera,Tipulidae,predator,reference,July,TB,TBD,2014
523,1,Diptera,Tipulidae,predator,reference,July,TB,TBD,2014
524,1,Coleoptera,Dytiscidae,predator,reference,July,TB,TBD,2014
525,11,Ephemeroptera,Heptageniidae,collector,reference,July,TB,TBD,2014
526,1,Ephemeroptera,Heptageniidae,collector,reference,July,TB,TBD,2014
527,1,Ephemeroptera,Heptageniidae,collector,reference,July,TB,TBD,2014
528,3,Coleoptera,Psephenidae,scraper,reference,July,TB,TBD,2014
529,1,Coleoptera,Psephenidae,scraper,reference,July,TB,TBD,2014
530,1,Odonata,Aeshnidae,predator,reference,July,TB,TBD,2014
531,1,Trichoptera,Uenoidae,scraper,reference,July,TB,TBD,2014
532,1,Hemiptera,Veliidae,predator,rural,July,PC,PCU,2014
533,4,Diptera,Tipulidae,predator,rural,July,PC,PCU,2014
534,1,Diptera,Tipulidae,predator,rural,July,PC,PCU,2014
535,1,Diptera,Tipulidae,predator,rural,July,PC,PCU,2014
536,3,Trichoptera,Hydropsychidae,collector,rural,July,PC,PCU,2014
537,1,Trichoptera,Hydropsychidae,collector,rural,July,PC,PCU,2014
538,4,Ephemeroptera,Heptageniidae,collector,rural,July,PC,PCU,2014
539,3,Ephemeroptera,Leptophlebiidae,collector,rural,July,PC,PCU,2014
540,1,Ephemeroptera,Leptophlebiidae,collector,rural,July,PC,PCU,2014
541,1,Ephemeroptera,Isonychiidae,collector,rural,July,PC,PCU,2014
542,1,Diptera,Tipulidae,shredder,urban,July,PT,PTD,2014
543,1,Diptera,Tipulidae,shredder,urban,July,PT,PTD,2014
544,1,Diptera,Tipulidae,shredder,urban,July,PT,PTD,2014
545,1,Megaloptera,Corydalidae,predator,rural,July,PT,PTU,2014
546,1,Megaloptera,Corydalidae,predator,rural,July,PT,PTU,2014
547,2,Diptera,Tipulidae,predator,rural,July,PT,PTU,2014
548,1,Diptera,Tipulidae,predator,rural,July,PT,PTU,2014
549,3,Plecoptera,Perlidae,predator,rural,July,PT,PTU,2014
550,1,Plecoptera,Perlidae,predator,rural,July,PT,PTU,2014
551,1,Plecoptera,Perlidae,predator,rural,July,PT,PTU,2014
552,1,Odonata,Gomphidae,predator,rural,July,PT,PTU,2014
553,1,Trichoptera,Hydropsychidae,collector,rural,July,PT,PTU,2014
554,16,Ephemeroptera,Heptageniidae,collector,rural,July,PT,PTU,2014
555,1,Ephemeroptera,Heptageniidae,collector,rural,July,PT,PTU,2014
556,1,Ephemeroptera,Heptageniidae,collector,rural,July,PT,PTU,2014
557,1,Ephemeroptera,Heptageniidae,collector,rural,July,PT,PTU,2014
558,1,Coleoptera,Psephenidae,scraper,urban,July,LC,LCD,2014
559,9,Diptera,Chironomidae,collector,urban,July,LC,LCD,2014
560,1,Odonata,Gomphidae,predator,urban,July,LC,LCD,2014
561,3,Trichoptera,Hydropsychidae,collector,urban,July,LC,LCD,2014
562,1,Trichoptera,Hydropsychidae,collector,urban,July,LC,LCD,2014
563,4,Coleoptera,Elmidae,scraper,urban,July,LC,LCD,2014
564,7,Diptera,Tipulidae,predator,reference,July,LS,LSD,2014
565,1,Diptera,Tipulidae,predator,reference,July,LS,LSD,2014
566,4,Diptera,Athericidae,predator,reference,July,LS,LSD,2014
567,5,Coleoptera,Psephenidae,scraper,reference,July,LS,LSD,2014
568,1,Coleoptera,Psephenidae,scraper,reference,July,LS,LSD,2014
569,1,Ephemeroptera,Heptageniidae,scraper,reference,July,LS,LSU,2014
570,13,Coleoptera,Psephenidae,scraper,reference,July,LS,LSU,2014
571,1,Coleoptera,Psephenidae,scraper,reference,July,LS,LSU,2014
572,1,Coleoptera,Psephenidae,scraper,reference,July,LS,LSU,2014
573,1,Diptera,Tipulidae,shredder,urban,July,BC,CCD,2014
574,2,Ephemeroptera,Heptageniidae,collector,urban,July,BC,CCD,2014
575,1,Ephemeroptera,Heptageniidae,collector,urban,July,BC,CCD,2014
576,1,Ephemeroptera,Heptageniidae,collector,urban,July,BC,CCD,2014
577,10,Trichoptera,Hydropsychidae,collector,urban,July,BC,CCD,2014
578,1,Trichoptera,Hydropsychidae,collector,urban,July,BC,CCD,2014
579,1,Coleoptera,Psephenidae,scraper,reference,July,LS,LSD,2014
580,3,Ephemeroptera,Heptageniidae,collector,reference,July,LS,LSD,2014
581,1,Diptera,Chironomidae,collector,reference,July,LS,LSD,2014
582,10,Diptera,Tipulidae,shredder,reference,July,LS,LSU,2014
583,1,Diptera,Tipulidae,shredder,reference,July,LS,LSU,2014
584,1,Diptera,Tipulidae,shredder,reference,July,LS,LSU,2014
585,12,Ephemeroptera,Heptageniidae,collector,reference,July,LS,LSU,2014
586,1,Ephemeroptera,Heptageniidae,collector,reference,July,LS,LSU,2014
587,1,Coleoptera,Elmidae,scraper,reference,July,LS,LSD,2014
588,1,Trichoptera,Philopotamidae,collector,reference,July,LS,LSD,2014
589,1,Coleoptera,Gyrinidae,predator,urban,July,BC,CCD,2014
590,1,Coleoptera,Dytiscidae,predator,urban,July,PC,PCD,2014
591,3,Coleoptera,Haliplidae,shredder,urban,July,PC,PCD,2014
592,2,Diptera,Tipulidae,shredder,urban,July,PC,PCD,2014
593,3,Diptera,Tipulidae,shredder,urban,July,LC,LCU,2014
594,1,Diptera,Tipulidae,shredder,urban,July,LC,LCU,2014
595,4,Trichoptera,Hydropsychidae,collector,urban,July,LC,LCU,2014
596,1,Ephemeroptera,Leptophlebiidae,collector,urban,July,LC,LCU,2014
597,2,Megaloptera,Corydalidae,predator,rural,July,BC,CCU,2014
598,1,Megaloptera,Corydalidae,predator,rural,July,BC,CCU,2014
599,7,Coleoptera,Elmidae,scraper,rural,July,BC,CCU,2014
600,1,Diptera,Tipulidae,predator,rural,July,BC,CCU,2014
601,1,Diptera,Athericidae,predator,rural,July,BC,CCU,2014
602,1,Diptera,Tipulidae,predator,rural,July,BC,CCU,2014
603,1,Odonata,Gomphidae,predator,rural,July,BC,CCU,2014
604,1,Odonata,Gomphidae,predator,rural,July,BC,CCU,2014
605,5,Coleoptera,Psephenidae,scraper,rural,July,BC,CCU,2014
606,4,Ephemeroptera,Heptageniidae,scraper,rural,July,BC,CCU,2014
607,7,Ephemeroptera,Ephemerellidae,collector,rural,July,BC,CCU,2014
608,3,Trichoptera,Philopotamidae,collector,rural,July,BC,CCU,2014
609,4,Ephemeroptera,Isonychiidae,collector,rural,July,BC,CCU,2014
610,1,Ephemeroptera,Isonychiidae,collector,rural,July,BC,CCU,2014
611,1,Trichoptera,Hydropsychidae,collector,rural,July,BC,CCU,2014
612,1,Plecoptera,Perlidae,predator,rural,August,BC,CCU,2014
613,6,Ephemeroptera,Isonychiidae,collector,rural,August,BC,CCU,2014
614,1,Ephemeroptera,Isonychiidae,collector,rural,August,BC,CCU,2014
615,2,Coleoptera,Psephenidae,scraper,rural,August,BC,CCU,2014
616,12,Trichoptera,Hydropsychidae,collector,rural,August,BC,CCU,2014
617,1,Trichoptera,Hydropsychidae,collector,rural,August,BC,CCU,2014
618,2,Ephemeroptera,Heptageniidae,collector,rural,August,BC,CCU,2014
619,1,Hemiptera,Veliidae,predator,rural,September,PC,PCU,2014
620,5,Trichoptera,Hydropsychidae,collector,rural,September,PC,PCU,2014
621,1,Trichoptera,Hydropsychidae,collector,rural,September,PC,PCU,2014
622,2,Diptera,Tipulidae,shredder,urban,September,LC,LCD,2014
623,1,Coleoptera,Psephenidae,scraper,urban,September,LC,LCD,2014
624,1,Odonata,Coenegrionidae,NA,urban,September,LC,LCD,2014
625,4,Coleoptera,Elmidae,scraper,urban,September,LC,LCD,2014
626,4,Trichoptera,Hydropsychidae,collector,urban,September,LC,LCD,2014
627,1,Trichoptera,Hydropsychidae,collector,urban,September,LC,LCD,2014
628,7,Diptera,Tipulidae,shredder,rural,September,LC,LCU,2014
629,1,Diptera,Tipulidae,shredder,rural,September,LC,LCU,2014
630,3,Odonata,Aeshnidae,predator,rural,September,LC,LCU,2014
631,1,Plecoptera,Perlidae,predator,rural,September,LC,LCU,2014
632,1,Trichoptera,Philopotamidae,collector,rural,September,LC,LCU,2014
633,1,Trichoptera,Hydropsychidae,collector,rural,September,LC,LCU,2014
634,1,Trichoptera,Hydropsychidae,collector,rural,September,LC,LCU,2014
635,1,Diptera,Tipulidae,shredder,urban,September,BC,CCD,2014
636,1,Ephemeroptera,Isonychiidae,collector,urban,September,BC,CCD,2014
637,1,Trichoptera,Hydropsychidae,collector,urban,September,BC,CCD,2014
638,2,Diptera,Tipulidae,predator,rural,September,BC,CCU,2014
639,1,Diptera,Athericidae,predator,rural,September,BC,CCU,2014
640,4,Trichoptera,Hydropsychidae,collector,rural,September,BC,CCU,2014
641,1,Ephemeroptera,Heptageniidae,collector,urban,September,PT,PTD,2014
642,1,Plecoptera,Perlidae,predator,rural,September,PT,PTU,2014
643,4,Diptera,Tipulidae,predator,rural,September,PT,PTU,2014
644,7,Ephemeroptera,Heptageniidae,collector,rural,September,PT,PTU,2014
645,1,Ephemeroptera,Heptageniidae,collector,rural,September,PT,PTU,2014
646,7,Trichoptera,Hydropsychidae,collector,rural,September,PT,PTU,2014
647,1,Trichoptera,Hydropsychidae,collector,rural,September,PT,PTU,2014
648,7,Diptera,Tipulidae,predator,reference,September,LS,LSD,2014
649,6,Plecoptera,Perlidae,predator,reference,September,LS,LSD,2014
650,1,Plecoptera,Perlidae,predator,reference,September,LS,LSD,2014
651,12,Coleoptera,Psephenidae,scraper,reference,September,LS,LSD,2014
652,11,Coleoptera,Psephenidae,scraper,reference,September,LS,LSD,2014
653,72,Ephemeroptera,Isonychiidae,collector,reference,September,LS,LSD,2014
654,1,Ephemeroptera,Isonychiidae,collector,reference,September,LS,LSD,2014
655,1,Ephemeroptera,Isonychiidae,collector,reference,September,LS,LSD,2014
656,1,Ephemeroptera,Isonychiidae,collector,reference,September,LS,LSD,2014
657,1,Ephemeroptera,Isonychiidae,collector,reference,September,LS,LSD,2014
658,1,Ephemeroptera,Isonychiidae,collector,reference,September,LS,LSD,2014
659,1,Ephemeroptera,Isonychiidae,collector,reference,September,LS,LSD,2014
660,1,Ephemeroptera,Isonychiidae,collector,reference,September,LS,LSD,2014
661,1,Ephemeroptera,Isonychiidae,collector,reference,September,LS,LSD,2014
662,15,Trichoptera,Philopotamidae,collector,reference,September,LS,LSD,2014
663,1,Trichoptera,Philopotamidae,collector,reference,September,LS,LSD,2014
664,15,Ephemeroptera,Heptageniidae,collector,reference,September,LS,LSD,2014
665,1,Ephemeroptera,Heptageniidae,collector,reference,September,LS,LSD,2014
666,1,Ephemeroptera,Heptageniidae,collector,reference,September,LS,LSD,2014
667,87,Trichoptera,Hydropsychidae,collector,reference,September,LS,LSD,2014
668,1,Trichoptera,Hydropsychidae,collector,reference,September,LS,LSD,2014
669,1,Trichoptera,Hydropsychidae,collector,reference,September,LS,LSD,2014
670,1,Trichoptera,Hydropsychidae,collector,reference,September,LS,LSD,2014
671,1,Trichoptera,Hydropsychidae,collector,reference,September,LS,LSD,2014
672,1,Trichoptera,Hydropsychidae,collector,reference,September,LS,LSD,2014
673,1,Trichoptera,Hydropsychidae,collector,reference,September,LS,LSD,2014
674,1,Trichoptera,Hydropsychidae,collector,reference,September,LS,LSD,2014
675,1,Trichoptera,Hydropsychidae,collector,reference,September,LS,LSD,2014
676,3,Diptera,Tipulidae,predator,reference,September,LS,LSU,2014
677,1,Diptera,Tipulidae,predator,reference,September,LS,LSU,2014
678,4,Ephemeroptera,Heptageniidae,collector,reference,September,LS,LSU,2014
679,1,Ephemeroptera,Heptageniidae,collector,reference,September,LS,LSU,2014
680,1,Plecoptera,Perlidae,predator,reference,September,LS,LSU,2014
681,3,Ephemeroptera,Isonychiidae,collector,reference,September,LS,LSU,2014
682,5,Coleoptera,Psephenidae,scraper,reference,September,LS,LSU,2014
683,1,Coleoptera,Psephenidae,scraper,reference,September,LS,LSU,2014
684,1,Trichoptera,Philopotamidae,collector,reference,September,LS,LSU,2014
685,19,Trichoptera,Hydropsychidae,collector,reference,September,LS,LSU,2014
686,1,Trichoptera,Hydropsychidae,collector,reference,September,LS,LSU,2014
687,1,Trichoptera,Hydropsychidae,collector,reference,September,LS,LSU,2014
688,1,Megaloptera,Corydalidae,predator,reference,September,TB,TBU,2014
689,3,Ephemeroptera,Isonychiidae,collector,reference,September,TB,TBU,2014
690,1,Ephemeroptera,Heptageniidae,collector,reference,September,TB,TBU,2014
691,6,Diptera,Tipulidae,predator,reference,September,TB,TBD,2014
692,1,Diptera,Tipulidae,predator,reference,September,TB,TBD,2014
693,1,Diptera,Tipulidae,predator,reference,September,TB,TBD,2014
694,4,Coleoptera,Psephenidae,scraper,reference,September,TB,TBD,2014
695,1,Coleoptera,Psephenidae,scraper,reference,September,TB,TBD,2014
696,3,Plecoptera,Perlidae,predator,reference,September,TB,TBD,2014
697,1,Odonata,Gomphidae,predator,reference,September,TB,TBD,2014
698,10,Ephemeroptera,Heptageniidae,collector,reference,September,TB,TBD,2014
699,1,Ephemeroptera,Heptageniidae,collector,reference,September,TB,TBD,2014
700,1,Ephemeroptera,Heptageniidae,collector,reference,September,TB,TBD,2014
701,8,Hemiptera,Veliidae,predator,reference,September,TB,TBD,2014
702,1,Coleoptera,Dytiscidae,predator,reference,September,TB,TBD,2014
703,16,Ephemeroptera,Isonychiidae,collector,reference,September,TB,TBD,2014
704,1,Ephemeroptera,Isonychiidae,collector,reference,September,TB,TBD,2014
705,1,Ephemeroptera,Isonychiidae,collector,reference,September,TB,TBD,2014
706,13,Trichoptera,Hydropsychidae,collector,reference,September,TB,TBD,2014
707,1,Trichoptera,Hydropsychidae,collector,reference,September,TB,TBD,2014
708,1,Trichoptera,Hydropsychidae,collector,reference,September,TB,TBD,2014
709,1,Odonata,Aeshnidae,predator,urban,September,FH,FHD,2014
710,3,Diptera,Tipulidae,shredder,urban,September,FH,FHD,2014
711,4,Trichoptera,Hydropsychidae,collector,urban,September,FH,FHD,2014
712,1,Plecoptera,Perlidae,predator,rural,September,PC,PCU,2014
713,4,Diptera,Tipulidae,predator,rural,September,PC,PCU,2014
714,1,Diptera,Tipulidae,predator,rural,September,PC,PCU,2014
715,1,Diptera,Chironomidae,collector,urban,August,BC,CCD,2014
716,1,Coleoptera,Elmidae,scraper,urban,August,BC,CCD,2014
717,2,Trichoptera,Philopotamidae,collector,urban,August,BC,CCD,2014
718,1,Coleoptera,Dytiscidae,predator,urban,September,BC,CCD,2014
719,1,Ephemeroptera,Heptageniidae,collector,urban,September,BC,CCD,2014
720,1,Trichoptera,Philopotamidae,collector,urban,September,BC,CCD,2014
721,1,Ephemeroptera,Baetidae,collector,rural,August,BC,CCU,2014
722,1,Coleoptera,Elmidae,scraper,rural,August,BC,CCU,2014
723,1,Odonata,Gomphidae,predator,rural,August,BC,CCU,2014
724,1,Coleoptera,Elmidae,scraper,rural,September,BC,CCU,2014
725,2,Ephemeroptera,Isonychiidae,collector,rural,September,BC,CCU,2014
726,1,Trichoptera,Perlidae,predator,rural,September,BC,CCU,2014
727,1,Trichoptera,Hydropsychidae,collector,urban,August,FH,FHD,2014
728,1,Trichoptera,Philopotamidae,collector,urban,September,FH,FHD,2014
729,1,Ephemeroptera,Isonychiidae,collector,rural,August,FH,FHU,2014
730,1,Ephemeroptera,Baetidae,collector,rural,September,FH,FHU,2014
731,4,Diptera,Tipulidae,predator,rural,September,FH,FHU,2014
732,1,Coleoptera,Elmidae,scraper,urban,August,LC,LCD,2014
733,2,Trichoptera,Hydropsychidae,collector,urban,August,LC,LCD,2014
734,1,Coleoptera,Psephenidae,scraper,urban,August,LC,LCD,2014
735,1,Diptera,Chironomidae,collector,rural,August,LC,LCU,2014
736,1,Diptera,Tipulidae,shredder,rural,September,LC,LCU,2014
737,1,Diptera,Chironomidae,collector,reference,August,LS,LSD,2014
738,1,Coleoptera,Elmidae,scraper,reference,August,LS,LSD,2014
739,2,Trichoptera,Philopotamidae,collector,reference,August,LS,LSD,2014
740,1,Diptera,Chironomidae,collector,reference,September,LS,LSD,2014
741,1,Coleoptera,Elmidae,scraper,reference,September,LS,LSD,2014
742,1,Odonata,Gomphidae,predator,reference,September,LS,LSD,2014
743,2,Trichoptera,Hydropsychidae,collector,reference,August,LS,LSU,2014
744,2,Ephemeroptera,Isonychiidae,collector,reference,August,LS,LSU,2014
745,2,Diptera,Chironomidae,collector,urban,August,PC,PCD,2014
746,5,Trichoptera,Hydropsychidae,collector,rural,August,PC,PCU,2014
747,2,Odonata,Gomphidae,predator,rural,September,PC,PCU,2014
748,1,Trichoptera,Hydropsychidae,collector,urban,September,PT,PTD,2014
749,3,Plecoptera,Chloroperlidae,predator,rural,August,PT,PTU,2014
750,1,Ephemeroptera,Heptageniidae,collector,rural,August,PT,PTU,2014
751,3,Hemiptera,Veliidae,predator,rural,August,PT,PTU,2014
752,1,Plecoptera,Chloroperlidae,predator,rural,September,PT,PTU,2014
753,1,Trichoptera,Philopotamidae,collector,rural,September,PT,PTU,2014
754,1,Hemiptera,Veliidae,predator,rural,September,PT,PTU,2014
755,1,Coleoptera,Elmidae,scraper,reference,August,TB,TBD,2014
756,2,Trichoptera,Hydropsychidae,collector,reference,August,TB,TBD,2014
757,1,Megaloptera,Corydalidae,predator,reference,September,TB,TBD,2014
758,1,Coleoptera,Elmidae,scraper,reference,September,TB,TBD,2014
759,2,Trichoptera,Hydropsychidae,collector,reference,August,TB,TBU,2014
760,1,Trichoptera,Philopotamidae,collector,reference,August,TB,TBU,2014
761,1,Plecoptera,Perlidae,predator,reference,September,TB,TBU,2014
